name;class
Z001;Z
Z002;Z
Z003;Z
Z004;Z
Z005;Z
Z006;Z
Z007;Z
Z008;Z
Z009;Z
Z010;Z
Z011;Z
Z012;Z
Z013;Z
Z014;Z
Z015;Z
Z016;Z
Z017;Z
Z018;Z
Z019;Z
Z020;Z
Z021;Z
Z022;Z
Z023;Z
Z024;Z
Z025;Z
Z026;Z
Z027;Z
Z028;Z
Z029;Z
Z030;Z
Z031;Z
Z032;Z
Z033;Z
Z034;Z
Z035;Z
Z036;Z
Z037;Z
Z038;Z
Z039;Z
Z040;Z
Z041;Z
Z042;Z
Z043;Z
Z044;Z
Z045;Z
Z046;Z
Z047;Z
Z048;Z
Z049;Z
Z050;Z
Z051;Z
Z052;Z
Z053;Z
Z054;Z
Z055;Z
Z056;Z
Z057;Z
Z058;Z
Z059;Z
Z060;Z
Z061;Z
Z062;Z
Z063;Z
Z064;Z
Z065;Z
Z066;Z
Z067;Z
Z068;Z
Z069;Z
Z070;Z
Z071;Z
Z072;Z
Z073;Z
Z074;Z
Z075;Z
Z076;Z
Z077;Z
Z078;Z
Z079;Z
Z080;Z
Z081;Z
Z082;Z
Z083;Z
Z084;Z
Z085;Z
Z086;Z
Z087;Z
Z088;Z
Z089;Z
Z090;Z
Z091;Z
Z092;Z
Z093;Z
Z094;Z
Z095;Z
Z096;Z
Z097;Z
Z098;Z
Z099;Z
Z100;Z
O001;O
O002;O
O003;O
O004;O
O005;O
O006;O
O007;O
O008;O
O009;O
O010;O
O011;O
O012;O
O013;O
O014;O
O015;O
O016;O
O017;O
O018;O
O019;O
O020;O
O021;O
O022;O
O023;O
O024;O
O025;O
O026;O
O027;O
O028;O
O029;O
O030;O
O031;O
O032;O
O033;O
O034;O
O035;O
O036;O
O037;O
O038;O
O039;O
O040;O
O041;O
O042;O
O043;O
O044;O
O045;O
O046;O
O047;O
O048;O
O049;O
O050;O
O051;O
O052;O
O053;O
O054;O
O055;O
O056;O
O057;O
O058;O
O059;O
O060;O
O061;O
O062;O
O063;O
O064;O
O065;O
O066;O
O067;O
O068;O
O069;O
O070;O
O071;O
O072;O
O073;O
O074;O
O075;O
O076;O
O077;O
O078;O
O079;O
O080;O
O081;O
O082;O
O083;O
O084;O
O085;O
O086;O
O087;O
O088;O
O089;O
O090;O
O091;O
O092;O
O093;O
O094;O
O095;O
O096;O
O097;O
O098;O
O099;O
O100;O
N001;N
N002;N
N003;N
N004;N
N005;N
N006;N
N007;N
N008;N
N009;N
N010;N
N011;N
N012;N
N013;N
N014;N
N015;N
N016;N
N017;N
N018;N
N019;N
N020;N
N021;N
N022;N
N023;N
N024;N
N025;N
N026;N
N027;N
N028;N
N029;N
N030;N
N031;N
N032;N
N033;N
N034;N
N035;N
N036;N
N037;N
N038;N
N039;N
N040;N
N041;N
N042;N
N043;N
N044;N
N045;N
N046;N
N047;N
N048;N
N049;N
N050;N
N051;N
N052;N
N053;N
N054;N
N055;N
N056;N
N057;N
N058;N
N059;N
N060;N
N061;N
N062;N
N063;N
N064;N
N065;N
N066;N
N067;N
N068;N
N069;N
N070;N
N071;N
N072;N
N073;N
N074;N
N075;N
N076;N
N077;N
N078;N
N079;N
N080;N
N081;N
N082;N
N083;N
N084;N
N085;N
N086;N
N087;N
N088;N
N089;N
N090;N
N091;N
N092;N
N093;N
N094;N
N095;N
N096;N
N097;N
N098;N
N099;N
N100;N
F001;F
F002;F
F003;F
F004;F
F005;F
F006;F
F007;F
F008;F
F009;F
F010;F
F011;F
F012;F
F013;F
F014;F
F015;F
F016;F
F017;F
F018;F
F019;F
F020;F
F021;F
F022;F
F023;F
F024;F
F025;F
F026;F
F027;F
F028;F
F029;F
F030;F
F031;F
F032;F
F033;F
F034;F
F035;F
F036;F
F037;F
F038;F
F039;F
F040;F
F041;F
F042;F
F043;F
F044;F
F045;F
F046;F
F047;F
F048;F
F049;F
F050;F
F051;F
F052;F
F053;F
F054;F
F055;F
F056;F
F057;F
F058;F
F059;F
F060;F
F061;F
F062;F
F063;F
F064;F
F065;F
F066;F
F067;F
F068;F
F069;F
F070;F
F071;F
F072;F
F073;F
F074;F
F075;F
F076;F
F077;F
F078;F
F079;F
F080;F
F081;F
F082;F
F083;F
F084;F
F085;F
F086;F
F087;F
F088;F
F089;F
F090;F
F091;F
F092;F
F093;F
F094;F
F095;F
F096;F
F097;F
F098;F
F099;F
F100;F
S001;S
S002;S
S003;S
S004;S
S005;S
S006;S
S007;S
S008;S
S009;S
S010;S
S011;S
S012;S
S013;S
S014;S
S015;S
S016;S
S017;S
S018;S
S019;S
S020;S
S021;S
S022;S
S023;S
S024;S
S025;S
S026;S
S027;S
S028;S
S029;S
S030;S
S031;S
S032;S
S033;S
S034;S
S035;S
S036;S
S037;S
S038;S
S039;S
S040;S
S041;S
S042;S
S043;S
S044;S
S045;S
S046;S
S047;S
S048;S
S049;S
S050;S
S051;S
S052;S
S053;S
S054;S
S055;S
S056;S
S057;S
S058;S
S059;S
S060;S
S061;S
S062;S
S063;S
S064;S
S065;S
S066;S
S067;S
S068;S
S069;S
S070;S
S071;S
S072;S
S073;S
S074;S
S075;S
S076;S
S077;S
S078;S
S079;S
S080;S
S081;S
S082;S
S083;S
S084;S
S085;S
S086;S
S087;S
S088;S
S089;S
S090;S
S091;S
S092;S
S093;S
S094;S
S095;S
S096;S
S097;S
S098;S
S099;S
S100;S
